<?xml version="1.0" encoding="UTF-8" ?>
<Check>
  <Applications>
    <App>Notepad</App>
    <App>Teams</App>
    <App>Zebra</App>
    <App>Adobe</App>
    <App>shishir</App>
    <App>Microsoft 365</App>
  </Applications>
  <Settings>
    <Registery>
      <Reg>
        <Path>HKLM:\SOFTWARE\TESTCorp</Path>
        <key>OSDSelectedcountry</key>
        <Val>India</Val>
      </Reg>
    </Registery>
    <File>
      <Path>C:\temp\_multiplle.csv</Path>
      <Path>C:\users\test.txt</Path>
    </File>
    <Folder>
      <Path>C:\SWSetup\SP144586</Path>
      <Path>D:\Docs\Scripts\AutopilotValidationTool</Path>
    </Folder>
    <Custom>
      <Set>
        <name>Time Zone</name>
        <Command>(get-timezone).standardname</Command>
        <Output>Pacific Time</Output>
      </Set>
    </Custom>
  </Settings>
</Check>